{"gradients/critic.qf0.4.bias":{"values":[1],"bins":[-0.47265625,-0.47265625],"_type":"histogram"},"gradients/critic.qf0.2.bias":{"bins":[-0.04093882441520691,-0.04029718413949013,-0.039655547589063644,-0.03901390731334686,-0.03837226703763008,-0.0377306267619133,-0.037088990211486816,-0.036447349935770035,-0.03580570966005325,-0.03516407310962677,-0.03452243283390999,-0.03388079255819321,-0.033239156007766724,-0.03259751573204994,-0.03195587545633316,-0.03131423890590668,-0.030672598630189896,-0.030030958354473114,-0.029389318078756332,-0.02874768152832985,-0.028106041252613068,-0.027464400976896286,-0.026822762563824654,-0.02618112415075302,-0.02553948387503624,-0.024897845461964607,-0.024256205186247826,-0.023614566773176193,-0.02297292836010456,-0.02233128808438778,-0.021689649671316147,-0.021048009395599365,-0.020406370982527733,-0.0197647325694561,-0.01912309229373932,-0.018481453880667686,-0.017839813604950905,-0.017198175191879272,-0.01655653677880764,-0.01591489650309086,-0.0152732590213418,-0.014631619676947594,-0.013989980332553387,-0.01334834098815918,-0.012706701643764973,-0.012065062299370766,-0.011423423886299133,-0.010781784541904926,-0.01014014519751072,-0.009498505853116512,-0.008856866508722305,-0.008215228095650673,-0.007573588751256466,-0.006931949406862259,-0.006290310062468052,-0.005648670718073845,-0.005007031373679638,-0.004365392029285431,-0.003723753383383155,-0.003082114038988948,-0.0024404749274253845,-0.0017988358158618212,-0.001157196587882936,-0.0005155574181117117,0.00012608175165951252],"_type":"histogram","values":[2,1,3,5,2,6,0,2,3,3,2,2,4,3,4,3,2,0,3,7,0,3,5,5,3,5,3,5,5,1,3,2,1,4,3,1,3,3,4,3,2,2,0,3,2,4,1,0,0,0,0,0,0,0,0,0,0,0,0,0,0,0,0,123]},"global_step":4800,"gradients/critic.qf1.2.bias":{"bins":[-0.057864315807819366,-0.05696018412709236,-0.056056056171655655,-0.05515192449092865,-0.05424779653549194,-0.05334366485476494,-0.05243953689932823,-0.05153540521860123,-0.05063127726316452,-0.049727145582437515,-0.04882301762700081,-0.047918885946273804,-0.0470147579908371,-0.04611062631011009,-0.04520649462938309,-0.04430236667394638,-0.043398238718509674,-0.04249410703778267,-0.041589975357055664,-0.04068584740161896,-0.03978171944618225,-0.038877587765455246,-0.03797345608472824,-0.037069328129291534,-0.03616519644856453,-0.035261064767837524,-0.03435693681240082,-0.03345280885696411,-0.032548677176237106,-0.0316445454955101,-0.030740417540073395,-0.02983628772199154,-0.028932157903909683,-0.028028028085827827,-0.02712389826774597,-0.026219768449664116,-0.02531563863158226,-0.024411508813500404,-0.02350737899541855,-0.022603249177336693,-0.021699119359254837,-0.020794987678527832,-0.019890857860445976,-0.01898672804236412,-0.018082598224282265,-0.01717846840620041,-0.016274338588118553,-0.015370208770036697,-0.014466078951954842,-0.013561949133872986,-0.01265781931579113,-0.011753689497709274,-0.010849559679627419,-0.009945428930222988,-0.009041299112141132,-0.008137169294059277,-0.007233039475977421,-0.006328909657895565,-0.005424779839813709,-0.004520649556070566,-0.0036165197379887104,-0.0027123899199068546,-0.0018082598689943552,-0.0009041299344971776,0],"_type":"histogram","values":[1,0,0,0,0,0,0,0,0,0,0,0,0,4,2,1,1,5,4,2,4,3,2,8,3,5,2,1,2,2,4,1,4,6,3,7,2,4,5,3,5,2,3,5,8,3,4,4,4,2,0,0,0,0,0,0,0,0,0,0,0,0,0,125]},"gradients/critic.qf1.4.bias":{"_type":"histogram","values":[1],"bins":[-0.52734375,-0.52734375]},"rollout/ep_len_mean":200,"gradients/critic.qf0.0.weight":{"bins":[-0.1776125580072403,-0.1695195883512497,-0.1614266335964203,-0.1533336639404297,-0.14524070918560028,-0.13714773952960968,-0.12905478477478027,-0.12096181511878967,-0.11286885291337967,-0.10477589070796967,-0.09668292850255966,-0.08858996629714966,-0.08049699664115906,-0.07240403443574905,-0.06431107223033905,-0.05621811002492905,-0.04812514781951904,-0.04003217816352844,-0.031939223408699036,-0.023846253752708435,-0.01575329899787903,-0.007660329341888428,0.000432625412940979,0.00852559506893158,0.01661856472492218,0.024711519479751587,0.03280448913574219,0.040897443890571594,0.048990413546562195,0.0570833683013916,0.0651763379573822,0.07326929271221161,0.08136224746704102,0.08945521712303162,0.09754817187786102,0.10564114153385162,0.11373409628868103,0.12182706594467163,0.12992002069950104,0.13801299035549164,0.14610594511032104,0.15419891476631165,0.16229188442230225,0.17038483917713165,0.17847780883312225,0.18657076358795166,0.19466373324394226,0.20275668799877167,0.21084965765476227,0.21894261240959167,0.22703558206558228,0.23512855172157288,0.24322150647640228,0.2513144612312317,0.2594074308872223,0.2675004005432129,0.2755933701992035,0.2836863398551941,0.2917792797088623,0.2998722493648529,0.3079652190208435,0.3160581886768341,0.3241511285305023,0.3322440981864929,0.3403370678424835],"_type":"histogram","values":[88,174,301,409,607,828,581,893,830,609,666,548,364,430,302,428,2569,14564,23213,7256,2673,9833,1435,718,208,58,192,196,105,95,82,44,15,8,4,4,3,3,5,6,5,7,6,9,7,5,4,4,5,1,1,2,2,1,3,3,0,3,2,1,1,2,0,3]},"_runtime":42.4267739,"train/ent_coef_loss":-4.4289775,"train/ent_coef":0.8904813,"time/fps":199,"gradients/critic.qf1.2.weight":{"_type":"histogram","values":[1,0,0,1,1,0,1,0,0,0,3,3,6,11,6,7,15,24,20,24,19,30,49,73,83,100,176,210,276,312,428,531,572,676,715,768,824,792,836,898,860,979,1035,1130,1121,1253,1162,1197,1298,1325,1367,1409,1266,1138,838,590,405,375,600,852,1340,1618,1231,32656],"bins":[-0.1345774382352829,-0.13247466087341309,-0.13037189841270447,-0.12826912105083466,-0.12616634368896484,-0.12406357377767563,-0.12196080386638641,-0.1198580339550972,-0.11775525659322739,-0.11565248668193817,-0.11354970932006836,-0.11144693940877914,-0.10934416949748993,-0.10724139213562012,-0.1051386222243309,-0.10303585231304169,-0.10093307495117188,-0.09883030503988266,-0.09672753512859344,-0.09462475776672363,-0.09252198785543442,-0.0904192179441452,-0.08831644058227539,-0.08621367067098618,-0.08411090075969696,-0.08200812339782715,-0.07990535348653793,-0.07780258357524872,-0.0756998062133789,-0.07359703630208969,-0.07149426639080048,-0.06939148902893066,-0.06728871911764145,-0.06518594920635223,-0.06308317184448242,-0.06098040193319321,-0.05887762829661369,-0.05677485838532448,-0.054672084748744965,-0.05256931111216545,-0.05046653747558594,-0.04836376756429672,-0.04626099392771721,-0.044158220291137695,-0.04205545037984848,-0.03995267674326897,-0.03784990310668945,-0.03574713319540024,-0.033644359558820724,-0.03154158592224121,-0.029438814148306847,-0.027336042374372482,-0.02523326873779297,-0.023130496963858604,-0.02102772518992424,-0.018924951553344727,-0.016822179779410362,-0.014719407074153423,-0.012616634368896484,-0.01051386259496212,-0.008411089889705181,-0.006308317184448242,-0.0042055449448525906,-0.0021027724724262953,0]},"_timestamp":1.74251963271127e+09,"gradients/critic.qf0.2.weight":{"values":[4,3,9,17,12,29,21,36,58,59,78,103,103,129,145,207,242,257,289,381,398,464,485,554,583,627,597,655,757,712,782,847,830,891,895,963,945,974,953,951,913,885,867,931,841,887,836,799,724,710,669,571,414,362,351,334,438,588,779,973,1078,1058,630,31853],